101,,
TS: New York Times,TS: CNN,TS: Reuters
T:,,
V: MSNBC,V: Today,V: NBC News
uscis.gov,,
abcnews.go.com,,
nytimes.com,,
wsj.com,,
wikipedia.org,,
whitehouse.gov,,
theatlantic.com,,
politico.com,,
cfr.org,,
M:,,
D:,,
,,
102,,
TS: New York Times,TS: CNN,TS: The Hill
T:,,
uscis.gov,,
abcnews.go.com,,
nytimes.com,,
wikipedia.org,,
wsj.com,,
whitehouse.gov,,
cnn.com,,
D:,,
theatlantic.com,,
politico.com,,
cfr.org,,
,,
103,,
TS: New York Times,TS: CNN,TS: The Hill
T:,,
V: MSNBC,V: Today,V: NBC News
uscis.gov,,
abcnews.go.com,,
nytimes.com,,
wsj.com,,
whitehouse.gov,,
wikipedia.org,,
M:,,
D:,,
theatlantic.com,,
nytimes.com,,
politico.com,,
,,
104,,
TS: Washington Post,TS: CBS News,TS: Vox
T:,,
V: New York Times,V: CNN,V: MSNBC
cbsnews.com,,
uscis.gov,,
cnn.com,,
cnn.com,,
nytimes.com,,
washingtonpost.com,,
theatlantic.com,,
cfr.org,,
,,
105-m,,
TS: New York Times,,
TS: NPR,,
TS: The Hill,TS: CNN,TS: Yahoo
P:,,
T:,,
V: Today,V: MSNBC,V: NBC News
uscis.gov,,
abcnews.go.com,,
nytimes.com,,
wikipedia.org,,
M:,,
D:,,
,,
107,,
TS: New York Times,TS: CNN,TS: The Hill
T:,,
V: Today,V: MSNBC,V: NBC News
uscis.gov,,
abcnews.go.com,,
nytimes.com,,
wsj.com,,
wikipedia.org,,
whitehouse.gov,,
D:,,
theatlantic.com,,
cfr.org,,
washingtonpost.com,,
,,
109-m,,
TS: CNN,,
TS: New York Times,,
TS: Washington Post,,
uscis.gov,,
abcnews.go.com,,
nytimes.com,,
wikipedia.org,,
whitehouse.gov,,
ice.gov,,
thehill.com,,
washingtonpost.com,,
wsj.com,,
D:,,
,,
110,,
TS: New York Times,TS: CNN,TS: The Hill
T:,,
V: Today,V: MSNBC,V: NBC News
uscis.gov,,
abcnews.go.com,,
nytimes.com,,
whitehouse.gov,,
wsj.com,,
wikipedia.org,,
M:,,
D:,,
theatlantic.com,,
nytimes.com,,
politico.com,,
,,
111,,
TS: New York Times,TS: CNN,TS: KMBC-TV
T:,,
V: Today,V: MSNBC,V: NBC News
uscis.gov,,
abcnews.go.com,,
nytimes.com,,
whitehouse.gov,,
wsj.com,,
wikipedia.org,,
D:,,
theatlantic.com,,
nytimes.com,,
politico.com,,
,,
112,,
TS: New York Times,TS: CNN,TS: KMBC-TV
T:,,
V: Today,V: MSNBC,V: NBC News
uscis.gov,,
abcnews.go.com,,
nytimes.com,,
wikipedia.org,,
whitehouse.gov,,
ice.gov,,
M:,,
D:,,
theatlantic.com,,
cfr.org,,
nytimes.com,,
,,
113,,
TS: New York Times,TS: CNN,TS: Reuters
T:,,
V: Today,V: MSNBC,V: NBC News
uscis.gov,,
abcnews.go.com,,
nytimes.com,,
whitehouse.gov,,
wsj.com,,
wikipedia.org,,
M:,,
D:,,
theatlantic.com,,
nytimes.com,,
politico.com,,
,,
114-m,,
TS: New York Times,,
TS: CNN,,
TS: The Hill,TS: Reuters,TS: The Hill
T:,,
V: Today,V: MSNBC,V: NBC News
wsj.com,,
wikipedia.org,,
whitehouse.gov,,
D:,,
theatlantic.com,,
politico.com,,
time.com,,
,,
115,,
TS: New York Times,TS: CNN,TS: The Hill
T:,,
V: MSNBC,V: Today,V: NBC News
uscis.gov,,
abcnews.go.com,,
nytimes.com,,
whitehouse.gov,,
wsj.com,,
D:,,
theatlantic.com,,
nytimes.com,,
politico.com,,
,,
116,,
TS: New York Times,TS: CNN,TS: The Hill
T:,,
V: Today,V: MSNBC,V: NBC News
uscis.gov,,
abcnews.go.com,,
nytimes.com,,
wsj.com,,
whitehouse.gov,,
wikipedia.org,,
M:,,
D:,,
theatlantic.com,,
nytimes.com,,
politico.com,,
,,
117-m,,
TS: New York Times,,
TS: Today,,
TS: The Hill,TS: CNN,
P:,,
T:,,
V:Today,V: MSNBC,
uscis.gov,,
abcnews.go.com,,
nytimes.com,,
wikipedia.org,,
D:,,
,,
118,,
TS: New York Times,TS: CNN,TS: The Hill
T:,,
V: Today,V: MSNBC,V: NBC News
uscis.gov,,
abcnews.go.com,,
nytimes.com,,
wsj.com,,
wikipedia.org,,
whitehouse.gov,,
M:,,
D:,,
theatlantic.com,,
politico.com,,
nytimes.com,,
,,
119,,
TS: New York Times,TS: CNN,TS: Reuters
T:,,
V: Today,V: MSNBC,V: NBC News
uscis.gov,,
abcnews.go.com,,
nytimes.com,,
wsj.com,,
whitehouse.gov,,
wikipedia.org,,
D:,,
theatlantic.com,,
nytimes.com,,
politico.com,,
,,
120,,
TS: New York Times,TS: CNN,TS: KMBC-TV
T:,,
V: Today,V: MSNBC,V: NBC News
uscis.gov,,
abcnews.go.com,,
nytimes.com,,
wsj.com,,
wikipedia.org,,
whitehouse.gov,,
M:,,
D:,,
theatlantic.com,,
politico.com,,
cfr.org,,
,,
122,,
TS: New York Times,TS: CNN,TS: Reuters
T:,,
V: MSNBC,V: Today,V: NBC News
uscis.gov,,
abcnews.go.com,,
nytimes.com,,
wsj.com,,
whitehouse.gov,,
wikipedia.org,,
theatlantic.com,,
nytimes.com,,
politico.com,,
,,
123,,
TS: New York Times,TS: CNN,TS: KMBC-TV
T:,,
V: Today,V: MSNBC,V: NBC News
uscis.gov,,
abcnews.go.com,,
nytimes.com,,
wsj.com,,
whitehouse.gov,,
wikipedia.org,,
M:,,
D:,,
theatlantic.com,,
nytimes.com,,
politico.com,,
,,
126,,
TS: New York Times,TS: CNN,TS: The Hill
T:,,
V: MSNBC,V: Today,V: NBC News
uscis.gov,,
abcnews.go.com,,
nytimes.com,,
wikipedia.org,,
whitehouse.gov,,
wsj.com,,
D:,,
theatlantic.com,,
politico.com,,
cfr.org,,
,,
128,,
TS: New York Times,TS: CNN,TS: CNN
T:,,
V: Today,V: MSNBC,V: MSNBC
uscis.gov,,
nytimes.com,,
abcnews.go.com,,
whitehouse.gov,,
cnn.com,,
cnn.com,,
theatlantic.com,,
cfr.org,,
washingtonpost.com,,
M:,,
D:,,
,,
129,,
TS: New York Times,TS: CNN,TS: The Hill
T:,,
V: Today,V: MSNBC,V: NBC News
uscis.gov,,
abcnews.go.com,,
nytimes.com,,
wikipedia.org,,
whitehouse.gov,,
ice.gov,,
M:,,
D:,,
theatlantic.com,,
cfr.org,,
nytimes.com,,
,,
130-m,,
TS: New York Times,,
TS: CNN,,
TS: The Hill,TS: Reuters,TS: The Hill
T:,,
V: Today,V: MSNBC,V: NBC News
uscis.gov,,
abcnews.go.com,,
nytimes.com,,
wsj.com,,
wikipedia.org,,
ice.gov,,
M:,,
D:,,
theatlantic.com,,
politico.com,,
time.com,,
,,
131,,
TS: New York Times,TS: CNN,TS: The Hill
T:,,
V: Today,V: MSNBC,V: NBC News
uscis.gov,,
abcnews.go.com,,
nytimes.com,,
wsj.com,,
wikipedia.org,,
whitehouse.gov,,
D:,,
theatlantic.com,,
politico.com,,
cfr.org,,
,,
132,,
TS: New York Times,TS: CNN,TS: The Hill
T:,,
V: Today,V: MSNBC,V: NBC News
uscis.gov,,
abcnews.go.com,,
nytimes.com,,
wsj.com,,
wikipedia.org,,
whitehouse.gov,,
M:,,
D:,,
theatlantic.com,,
politico.com,,
cfr.org,,
,,
133,,
TS: New York Times,TS: CNN,TS: The Hill
T:,,
V: Today,V: MSNBC,V: NBC News
uscis.gov,,
abcnews.go.com,,
nytimes.com,,
wsj.com,,
wikipedia.org,,
whitehouse.gov,,
M:,,
D:,,
theatlantic.com,,
cfr.org,,
washingtonpost.com,,
,,
134,,
TS: New York Times,TS: CNN,TS: KMBC-TV
T:,,
uscis.gov,,
abcnews.go.com,,
nytimes.com,,
whitehouse.gov,,
wikipedia.org,,
wsj.com,,
ice.gov,,
M:,,
D:,,
theatlantic.com,,
nytimes.com,,
politico.com,,
,,
135-m,,
TS: New York Times,,
TS: CNN,,
TS: The Hill,TS: Reuters,TS: The Hill
T:,,
V: MSNBC,V: Today,V: NBC News
uscis.gov,,
nytimes.com,,
abcnews.go.com,,
wsj.com,,
wikipedia.org,,
whitehouse.gov,,
M:,,
D:,,
theatlantic.com,,
time.com,,
cfr.org,,
,,
137,,
TS: New York Times,TS: CNN,TS: Reuters
T:,,
V: Today,V: MSNBC,V: NBC News
uscis.gov,,
abcnews.go.com,,
nytimes.com,,
wsj.com,,
wikipedia.org,,
whitehouse.gov,,
M:,,
D:,,
theatlantic.com,,
politico.com,,
cfr.org,,
,,
138,,
TS: New York Times,TS: CNN,TS: Reuters
T:,,
V: MSNBC,V: Today,V: NBC News
uscis.gov,,
abcnews.go.com,,
nytimes.com,,
wikipedia.org,,
whitehouse.gov,,
wsj.com,,
M:,,
D:,,
theatlantic.com,,
cfr.org,,
washingtonpost.com,,
,,
139,,
TS: New York Times,TS: CNN,TS: Reuters
T:,,
V: MSNBC,V: Today,V: NBC News
uscis.gov,,
abcnews.go.com,,
nytimes.com,,
wsj.com,,
wikipedia.org,,
whitehouse.gov,,
D:,,
theatlantic.com,,
politico.com,,
cfr.org,,
,,
140,,
TS: New York Times,TS: CNN,TS: The Hill
T:,,
V: Today,V: MSNBC,V: NBC News
uscis.gov,,
abcnews.go.com,,
nytimes.com,,
wikipedia.org,,
whitehouse.gov,,
wsj.com,,
D:,,
theatlantic.com,,
nytimes.com,,
theatlantic.com,,
nytimes.com,,
politico.com,,
,,
141,,
TS: New York Times,TS: CNN,TS: The Hill
T:,,
V: Today,V: MSNBC,V: NBC News
uscis.gov,,
abcnews.go.com,,
nytimes.com,,
wikipedia.org,,
whitehouse.gov,,
wsj.com,,
D:,,
theatlantic.com,,
politico.com,,
cfr.org,,
,,
143,,
TS: New York Times,TS: CNN,TS: KMBC-TV
T:,,
V: MSNBC,V: Today,V: NBC News
uscis.gov,,
abcnews.go.com,,
nytimes.com,,
wikipedia.org,,
whitehouse.gov,,
wsj.com,,
M:,,
politico.com,,
cfr.org,,
,,
146,,
TS: New York Times,TS: CNN,TS: Reuters
T:,,
V: Today,V: MSNBC,V: NBC News
uscis.gov,,
abcnews.go.com,,
nytimes.com,,
wsj.com,,
wikipedia.org,,
whitehouse.gov,,
M:,,
D:,,
theatlantic.com,,
politico.com,,
cfr.org,,
,,
147,,
TS: New York Times,TS: CNN,TS: The Hill
T:,,
V: MSNBC,V: Today,V: NBC News
uscis.gov,,
abcnews.go.com,,
whitehouse.gov,,
nytimes.com,,
wsj.com,,
wikipedia.org,,
M:,,
D:,,
theatlantic.com,,
nytimes.com,,
politico.com,,
,,
148,,
TS: New York Times,TS: CNN,TS: The Hill
T:,,
V: MSNBC,V: Today,V: NBC News
uscis.gov,,
abcnews.go.com,,
nytimes.com,,
wsj.com,,
wikipedia.org,,
cnn.com,,
D:,,
theatlantic.com,,
politico.com,,
cfr.org,,
,,
150-m,,
TS: New York Times,,
TS: CNN,,
TS: The Hill,TS: Reuters,TS: The Hill
T:,,
V: Today,V: MSNBC,V: NBC News
uscis.gov,,
abcnews.go.com,,
nytimes.com,,
wikipedia.org,,
whitehouse.gov,,
wsj.com,,
D:,,
theatlantic.com,,
politico.com,,
time.com,,
,,
151,,
TS: New York Times,TS: CNN,TS: Reuters
T:,,
V: Today,V: MSNBC,V: NBC News
uscis.gov,,
abcnews.go.com,,
nytimes.com,,
wsj.com,,
wikipedia.org,,
whitehouse.gov,,
D:,,
theatlantic.com,,
politico.com,,
cfr.org,,
,,
152,,
TS: New York Times,TS: CNN,TS: KMBC-TV
T:,,
V: Today,V: MSNBC,V: NBC News
uscis.gov,,
nytimes.com,,
abcnews.go.com,,
wsj.com,,
wikipedia.org,,
whitehouse.gov,,
D:,,
theatlantic.com,,
politico.com,,
cfr.org,,
,,
153,,
TS: New York Times,TS: CNN,TS: The Hill
T:,,
V: Today,V: MSNBC,V: NBC News
uscis.gov,,
abcnews.go.com,,
nytimes.com,,
wsj.com,,
whitehouse.gov,,
wikipedia.org,,
M:,,
D:,,
theatlantic.com,,
nytimes.com,,
politico.com,,
,,
157,,
TS: New York Times,TS: CNN,TS: KMBC-TV
T:,,
V: Today,V: MSNBC,V: NBC News
uscis.gov,,
abcnews.go.com,,
nytimes.com,,
wikipedia.org,,
wsj.com,,
whitehouse.gov,,
M:,,
D:,,
theatlantic.com,,
cfr.org,,
nytimes.com,,
,,
159,,
TS: New York Times,TS: CNN,TS: The Hill
T:,,
V: Today,V: MSNBC,V: NBC News
uscis.gov,,
abcnews.go.com,,
nytimes.com,,
wsj.com,,
wikipedia.org,,
whitehouse.gov,,
M:,,
D:,,
theatlantic.com,,
cfr.org,,
washingtonpost.com,,
,,
160,,
TS: New York Times,TS: CNN,TS: The Hill
T:,,
V: Today,V: MSNBC,V: NBC News
uscis.gov,,
abcnews.go.com,,
nytimes.com,,
wsj.com,,
wikipedia.org,,
whitehouse.gov,,
D:,,
theatlantic.com,,
politico.com,,
cfr.org,,
,,
161,,
TS: The Hill,TS: CNN,TS: Reuters
T:,,
V: Today,V: MSNBC,V: NBC News
uscis.gov,,
abcnews.go.com,,
nytimes.com,,
wsj.com,,
wikipedia.org,,
whitehouse.gov,,
M:,,
nytimes.com,,
wsj.com,,
D:,,
theatlantic.com,,
politico.com,,
,,
162,,
TS: New York Times,TS: CNN,TS: The Hill
T:,,
V: Today,V: MSNBC,V: NBC News
uscis.gov,,
abcnews.go.com,,
whitehouse.gov,,
nytimes.com,,
wsj.com,,
wikipedia.org,,
M:,,
D:,,
theatlantic.com,,
politico.com,,
cfr.org,,
,,
163,,
TS: New York Times,TS: CNN,TS: KMBC-TV
T:,,
V: Today,V: MSNBC,V: NBC News
uscis.gov,,
abcnews.go.com,,
nytimes.com,,
wikipedia.org,,
whitehouse.gov,,
ice.gov,,
D:,,
theatlantic.com,,
politico.com,,
cfr.org,,
,,
164,,
TS: New York Times,TS: CNN,TS: The Hill
T:,,
V: MSNBC,V: Today,V: NBC News
uscis.gov,,
abcnews.go.com,,
nytimes.com,,
wikipedia.org,,
wsj.com,,
cnn.com,,
M:,,
D:,,
theatlantic.com,,
politico.com,,
nytimes.com,,
,,
165,,
TS: New York Times,TS: CNN,TS: The Hill
T:,,
V: MSNBC,V: Today,V: NBC News
uscis.gov,,
abcnews.go.com,,
nytimes.com,,
wsj.com,,
wikipedia.org,,
whitehouse.gov,,
D:,,
theatlantic.com,,
politico.com,,
cfr.org,,
,,
167,,
TS: New York Times,TS: CNN,TS: The Hill
T:,,
V: Today,V: MSNBC,V: NBC News
uscis.gov,,
abcnews.go.com,,
nytimes.com,,
wsj.com,,
wikipedia.org,,
whitehouse.gov,,
M:,,
D:,,
theatlantic.com,,
politico.com,,
cfr.org,,
,,
168,,
TS: New York Times,TS: CNN,TS: The Hill
T:,,
uscis.gov,,
abcnews.go.com,,
nytimes.com,,
wsj.com,,
wikipedia.org,,
whitehouse.gov,,
cnn.com,,
M:,,
D:,,
theatlantic.com,,
cfr.org,,
nytimes.com,,
,,
169,,
TS: New York Times,TS: CNN,TS: KMBC-TV
T:,,
V: MSNBC,V: Today,V: NBC News
uscis.gov,,
abcnews.go.com,,
nytimes.com,,
wsj.com,,
wikipedia.org,,
whitehouse.gov,,
D:,,
theatlantic.com,,
politico.com,,
cfr.org,,
,,
170,,
TS: New York Times,TS: CNN,TS: The Hill
T:,,
V: MSNBC,V: Today,V: NBC News
uscis.gov,,
abcnews.go.com,,
nytimes.com,,
cnn.com,,
whitehouse.gov,,
M:,,
D:,,
theatlantic.com,,
politico.com,,
cfr.org,,
,,
171-m,,
TS: New York Times,,
TS: Today,,
TS: The Hill,TS: CNN,
P:,,
T:,,
V: MSNBC,V: Today,
uscis.gov,,
abcnews.go.com,,
nytimes.com,,
wsj.com,,
M:,,
,,
172,,
TS: New York Times,TS: CNN,TS: The Hill
T:,,
V: MSNBC,V: Today,V: NBC News
uscis.gov,,
abcnews.go.com,,
nytimes.com,,
wikipedia.org,,
wsj.com,,
whitehouse.gov,,
D:,,
theatlantic.com,,
politico.com,,
cfr.org,,
,,
173,,
TS: New York Times,TS: CNN,TS: The Hill
T:,,
V: MSNBC,V: Today,V: Today
uscis.gov,,
abcnews.go.com,,
nytimes.com,,
wikipedia.org,,
whitehouse.gov,,
cnn.com,,
D:,,
theatlantic.com,,
politico.com,,
cfr.org,,
,,
174,,
TS: New York Times,TS: CNN,TS: The Hill
T:,,
V: Today,V: MSNBC,V: NBC News
uscis.gov,,
abcnews.go.com,,
nytimes.com,,
wsj.com,,
wikipedia.org,,
whitehouse.gov,,
M:,,
D:,,
theatlantic.com,,
cfr.org,,
washingtonpost.com,,
,,
175,,
TS: New York Times,TS: CNN,TS: The Hill
T:,,
V: Today,V: MSNBC,V: NBC News
uscis.gov,,
abcnews.go.com,,
nytimes.com,,
wsj.com,,
wikipedia.org,,
whitehouse.gov,,
M:,,
D:,,
theatlantic.com,,
cfr.org,,
nytimes.com,,
,,
176,,
TS: New York Times,TS: CNN,TS: The Hill
T:,,
V: MSNBC,V: Today,V: NBC News
uscis.gov,,
abcnews.go.com,,
nytimes.com,,
wsj.com,,
wikipedia.org,,
whitehouse.gov,,
M:,,
D:,,
theatlantic.com,,
politico.com,,
cfr.org,,
,,
177,,
TS: New York Times,TS: CNN,TS: The Hill
T:,,
V: Today,V: MSNBC,V: NBC News
uscis.gov,,
abcnews.go.com,,
nytimes.com,,
wikipedia.org,,
wsj.com,,
whitehouse.gov,,
M:,,
D:,,
theatlantic.com,,
politico.com,,
cfr.org,,
,,
178,,
TS: New York Times,TS: CNN,TS: The Hill
T:,,
V: Today,V: MSNBC,V: NBC News
uscis.gov,,
abcnews.go.com,,
nytimes.com,,
wikipedia.org,,
wsj.com,,
whitehouse.gov,,
D:,,
theatlantic.com,,
cfr.org,,
washingtonpost.com,,
,,
179,,
TS: New York Times,TS: CNN,TS: The Hill
T:,,
V: Today,V: MSNBC,V: NBC News
uscis.gov,,
abcnews.go.com,,
nytimes.com,,
wsj.com,,
wikipedia.org,,
whitehouse.gov,,
M:,,
D:,,
theatlantic.com,,
cfr.org,,
nytimes.com,,
,,
180,,
TS: New York Times,TS: CNN,TS: The Hill
T:,,
V: Today,V: MSNBC,V: NBC News
uscis.gov,,
abcnews.go.com,,
nytimes.com,,
wsj.com,,
wikipedia.org,,
whitehouse.gov,,
D:,,
theatlantic.com,,
nytimes.com,,
politico.com,,
,,
183,,
TS: New York Times,TS: CNN,TS: The Hill
T:,,
V: Today,V: MSNBC,V: NBC News
uscis.gov,,
abcnews.go.com,,
nytimes.com,,
wsj.com,,
wikipedia.org,,
whitehouse.gov,,
D:,,
theatlantic.com,,
politico.com,,
cfr.org,,
,,
185,,
TS: New York Times,TS: CNN,TS: The Hill
T:,,
V: MSNBC,V: Today,V: NBC News
uscis.gov,,
abcnews.go.com,,
nytimes.com,,
wikipedia.org,,
wsj.com,,
whitehouse.gov,,
D:,,
theatlantic.com,,
politico.com,,
cfr.org,,
,,
186,,
TS: New York Times,TS: CNN,TS: The Hill
T:,,
V: MSNBC,V: Today,V: NBC News
uscis.gov,,
abcnews.go.com,,
nytimes.com,,
wikipedia.org,,
cnn.com,,
whitehouse.gov,,
D:,,
theatlantic.com,,
politico.com,,
nytimes.com,,
,,
187-m,,
TS: New York Times,,
TS: NPR,,
TS: The Hill,TS: CNN,
P:,,
T:,,
V: Today,V: MSNBC,
uscis.gov,,
abcnews.go.com,,
nytimes.com,,
whitehouse.gov,,
P:,,
D:,,
,,
189,,
TS: New York Times,TS: CNN,TS: The Hill
T:,,
V: Today,V: MSNBC,V: NBC News
uscis.gov,,
abcnews.go.com,,
nytimes.com,,
wsj.com,,
wikipedia.org,,
whitehouse.gov,,
M:,,
theatlantic.com,,
politico.com,,
cfr.org,,
,,
190,,
TS: New York Times,TS: CNN,TS: Reuters
T:,,
V: Today,V: MSNBC,V: NBC News
uscis.gov,,
abcnews.go.com,,
nytimes.com,,
wikipedia.org,,
whitehouse.gov,,
wsj.com,,
D:,,
theatlantic.com,,
politico.com,,
nytimes.com,,
,,
191-m,,
TS: New York Times,,
TS: Today,,
TS: The Hill,TS: CNN,
P:,,
T:,,
V: MSNBC,V: Today,
uscis.gov,,
abcnews.go.com,,
nytimes.com,,
wikipedia.org,,
D:,,
,,
193,,
TS: New York Times,TS: CNN,TS: The Hill
T:,,
V: Today,V: MSNBC,V: NBC News
uscis.gov,,
abcnews.go.com,,
nytimes.com,,
whitehouse.gov,,
wikipedia.org,,
wsj.com,,
D:,,
theatlantic.com,,
nytimes.com,,
politico.com,,
,,
194,,
TS: New York Times,TS: CNN,TS: KMBC-TV
T:,,
V: MSNBC,V: Today,V: NBC News
uscis.gov,,
abcnews.go.com,,
nytimes.com,,
wikipedia.org,,
cnn.com,,
whitehouse.gov,,
D:,,
theatlantic.com,,
politico.com,,
cfr.org,,
,,
195-m,,
TS: New York Times,TS: CNN,TS: Reuters
T:,,
V: Today,V: MSNBC,V: NBC News
uscis.gov,,
abcnews.go.com,,
nytimes.com,,
wsj.com,,
wikipedia.org,,
whitehouse.gov,,
M:,,
D:,,
theatlantic.com,,
politico.com,,
cfr.org,,
,,
197,,
TS: New York Times,TS: CNN,TS: The Hill
T:,,
V: MSNBC,V: Today,V: NBC News
uscis.gov,,
abcnews.go.com,,
nytimes.com,,
wsj.com,,
wikipedia.org,,
whitehouse.gov,,
M:,,
D:,,
theatlantic.com,,
politico.com,,
cfr.org,,
,,
198,,
TS: New York Times,TS: CNN,TS: KMBC-TV
T:,,
V: Today,V: MSNBC,V: NBC News
uscis.gov,,
abcnews.go.com,,
nytimes.com,,
wikipedia.org,,
whitehouse.gov,,
wsj.com,,
D:,,
theatlantic.com,,
politico.com,,
cfr.org,,
,,
200,,
TS: New York Times,TS: CNN,TS: The Hill
T:,,
V: Today,V: MSNBC,V: MSNBC
uscis.gov,,
abcnews.go.com,,
nytimes.com,,
wikipedia.org,,
whitehouse.gov,,
wsj.com,,
D:,,
theatlantic.com,,
politico.com,,
cfr.org,,
,,
201,,
TS: New York Times,TS: CNN,TS: The Hill
T:,,
V: Today,V: MSNBC,V: NBC News
uscis.gov,,
abcnews.go.com,,
nytimes.com,,
wikipedia.org,,
whitehouse.gov,,
wsj.com,,
D:,,
theatlantic.com,,
politico.com,,
cfr.org,,
,,
203,,
TS: New York Times,TS: CNN,TS: The Hill
T:,,
V: MSNBC,V: Today,V: NBC News
uscis.gov,,
abcnews.go.com,,
nytimes.com,,
wsj.com,,
wikipedia.org,,
whitehouse.gov,,
D:,,
theatlantic.com,,
politico.com,,
cfr.org,,
,,
204,,
TS: New York Times,TS: CNN,TS: The Hill
T:,,
V: Today,V: MSNBC,V: NBC News
uscis.gov,,
abcnews.go.com,,
nytimes.com,,
wsj.com,,
wikipedia.org,,
whitehouse.gov,,
M:,,
D:,,
theatlantic.com,,
cfr.org,,
washingtonpost.com,,
,,
205,,
TS: New York Times,TS: CNN,TS: The Hill
T:,,
V: Today,V: MSNBC,V: NBC News
uscis.gov,,
abcnews.go.com,,
nytimes.com,,
wsj.com,,
whitehouse.gov,,
wikipedia.org,,
M:,,
D:,,
theatlantic.com,,
nytimes.com,,
politico.com,,
,,
206,,
TS: New York Times,TS: CNN,TS: The Hill
T:,,
V: Today,V: MSNBC,V: NBC News
uscis.gov,,
abcnews.go.com,,
nytimes.com,,
whitehouse.gov,,
wsj.com,,
wikipedia.org,,
D:,,
theatlantic.com,,
nytimes.com,,
politico.com,,
,,
207,,
TS: New York Times,TS: CNN,TS: The Hill
T:,,
V: MSNBC,V: Today,V: NBC News
uscis.gov,,
abcnews.go.com,,
nytimes.com,,
whitehouse.gov,,
wsj.com,,
wikipedia.org,,
M:,,
D:,,
theatlantic.com,,
nytimes.com,,
politico.com,,
,,
208,,
TS: New York Times,TS: CNN,TS: The Hill
T:,,
V: MSNBC,V: Today,V: NBC News
uscis.gov,,
abcnews.go.com,,
nytimes.com,,
wsj.com,,
wikipedia.org,,
whitehouse.gov,,
D:,,
theatlantic.com,,
politico.com,,
cfr.org,,
,,
209,,
TS: New York Times,TS: CNN,TS: Reuters
T:,,
V: MSNBC,V: Today,V: NBC News
uscis.gov,,
abcnews.go.com,,
nytimes.com,,
wsj.com,,
wikipedia.org,,
whitehouse.gov,,
M:,,
D:,,
theatlantic.com,,
politico.com,,
cfr.org,,
,,
211,,
TS: New York Times,TS: CNN,TS: The Hill
T:,,
V: Today,V: MSNBC,V: NBC News
uscis.gov,,
abcnews.go.com,,
nytimes.com,,
wikipedia.org,,
wsj.com,,
whitehouse.gov,,
M:,,
D:,,
theatlantic.com,,
politico.com,,
cfr.org,,
,,
212,,
TS: New York Times,TS: CNN,TS: The Hill
T:,,
V: Today,V: MSNBC,V: NBC News
uscis.gov,,
abcnews.go.com,,
nytimes.com,,
wsj.com,,
wikipedia.org,,
whitehouse.gov,,
D:,,
theatlantic.com,,
politico.com,,
cfr.org,,
,,